"restaurant_name","restaurant_slug","area_id (ref)","cuisine_types","price_level","street_address","latitude","longitude","phone","requires_reservation","best_time_to_visit","has_parking_validation","good_for_couples","good_for_families"
"Mama's Fish House","mamas-fish-house","kuau","seafood, hawaiian","$$$$","799 Poho Pl","20.929","-156.365","808-579-8488","TRUE","Sunset","TRUE","TRUE","TRUE"
"Merriman's Kapalua","merrimans-kapalua","kapalua","farm-to-table","$$$$","1 Bay Club Pl","20.998","-156.666","808-669-6400","TRUE","Sunset","TRUE","TRUE","FALSE"
"Lahaina Grill","lahaina-grill","lahaina-town","american, fine","$$$$","127 Lahainaluna Rd","20.872","-156.678","808-667-5117","TRUE","Dinner","FALSE","TRUE","FALSE"
"Paia Fish Market","paia-fish-market","paia-town","seafood, casual","$$","100 Hana Hwy","20.917","-156.381","808-579-8030","FALSE","Lunch","FALSE","FALSE","TRUE"
"Tin Roof","tin-roof","kahului","hawaiian, fusion","$","360 Papa Pl","20.885","-156.463","808-868-0753","FALSE","Lunch","FALSE","FALSE","TRUE"
"Monkeypod Kitchen","monkeypod-wailea","wailea","american, bar","$$$","10 Wailea Gateway Pl","20.690","-156.443","808-891-2322","TRUE","Happy Hour","TRUE","TRUE","TRUE"
"Star Noodle","star-noodle","lahaina-town","asian, noodles","$$$","1285 Front St","20.884","-156.686","808-667-5400","TRUE","Dinner","TRUE","TRUE","TRUE"
"The Gazebo","the-gazebo","napili","breakfast","$$","5315 Lower Honoapiilani","20.994","-156.667","808-669-5621","FALSE","Early AM","FALSE","TRUE","TRUE"
"Hali'imaile General Store","haliimaile-store","haliimaile","hawaiian, fusion","$$$","900 Haliimaile Rd","20.868","-156.345","808-572-2666","TRUE","Dinner","TRUE","TRUE","TRUE"